{
  "project_info": {
    "project_number": "518316299198",
    "firebase_url": "https://crudfirebase-c2ab0.firebaseio.com",
    "project_id": "crudfirebase-c2ab0",
    "storage_bucket": "crudfirebase-c2ab0.appspot.com"
  },
  "client": [
    {
      "client_info": {
        "mobilesdk_app_id": "1:518316299198:android:8fd66067cabb8974635fef",
        "android_client_info": {
          "package_name": "com.example.daftarteman"
        }
      },
      "oauth_client": [
        {
          "client_id": "518316299198-a6v2ga1hgm4j5mhlpmecgmts0ofgnn0b.apps.googleusercontent.com",
          "client_type": 1,
          "android_info": {
            "package_name": "com.example.crudfirebase",
            "certificate_hash": "3991747d64216e98c716dfed24f5f5e7b48434b1"
          }
        },
        {
          "client_id": "518316299198-d4ppu3nvthatrcq2rpj77lq84lhskuha.apps.googleusercontent.com",
          "client_type": 3
        }
      ],
      "api_key": [
        {
          "current_key": "AIzaSyBhFoDqbu5tYPvHzlHVqblRIjOXWfdLqKg"
        }
      ],
      "services": {
        "appinvite_service": {
          "other_platform_oauth_client": [
            {
              "client_id": "518316299198-d4ppu3nvthatrcq2rpj77lq84lhskuha.apps.googleusercontent.com",
              "client_type": 3
            }
          ]
        }
      }
    }
  ],
  "configuration_version": "1"
}